[{"@type":"mappingTemplate","id":"@1","name":"M_OB_SCL_SCL_TBL_PRC_SALES_COMMISSION_GRID_UPSERT","description":"Purpose: Mapping to upsert the process table tbl_prc_sales_commission_grid based on sfdcId from Sql Server SCL tbl_src_sales_commission_grid_SFDC_TO_SCL table which contains the downloaded Commission Grid  firm data from the Salesforce Commission Grid object.\nThis mapping will make sure the process table tbl_prc_sales_commission_grid is always in sync with the Salesforce Commission Grid object.","bundleVersion":"0","templateId":"@3","deployTime":1536216876000,"hasParameters":true,"valid":true,"fixedConnection":false,"hasParametersDeployed":true,"fixedConnectionDeployed":false,"tasks":1,"mappingPreviewFileRecordId":"@2","references":[]}]