[{"@type":"mtTask","id":"@1","name":"MCT_OB_SCL_SCL_OB_SALES_COMMISSION_GRID_BATCH_UPD","description":"Mapping Configuration Task to trigger postsql stored procedure to update the tbl_batch_audit details  close the current batch in tbl_batch table with batchStatus as Closed","runtimeEnvironmentId":"@bwHZI1GGWkPbT0oWnRzUMe","maxLogs":10,"verbose":false,"lastRunTime":1537341788000,"mappingId":"@hxqE1Nl3TYhfuWdgOhtxiI","shortDescription":"Mapping Configuration Task to trigger postsql stor...","sessionProperties":{"Error Log File Directory":"$PMBadFileDir","Error Log File Name":"ERR_$CurrentTaskName_$CurrentTime.csv","Error Log Type":"Flat File","Stop on errors":"1","Write Backward Compatible Session Log File":"YES"},"enableCrossSchemaPushdown":true,"parameterFileName":"OB_SALES_COMMISSION_GRID.par","parameterFileEncoding":"UTF-8","parameters":[{"@type":"mtTaskParameter","id":2283358,"name":"$Src_SCL_TBL_BATCH$","type":"EXTENDED_SOURCE","label":"PARAM_SRC_SCL_CON (PARAM_SRC_SCL_CON)","description":"Parameter for source connection","uiProperties":{"connectionParameterized":"true","logcnx":"PARAM_SRC_SCL_CON","isMsrcFilterParameterized":"false","isMsrcSortParameterized":"false","objlabel":"PARAM_SRC_SCL_OBJ","objectParameterized":"true","objDesc":"Parameter for source object"},"sourceConnectionId":"@0PufVIurFmIcBNec3UZy45","newFlatFile":false,"newObject":false,"showBusinessNames":true,"naturalOrder":true,"truncateTarget":false,"bulkApiDBTarget":false,"customFuncCfg":{"@type":"customFuncConfig","id":-1,"connections":[],"inputMap":[],"outputFields":[]},"tgtFieldRefs":{},"targetUpdateColumns":[],"extendedObject":{"@type":"extendedObject","object":{"@type":"mObject","name":"tbl_batch","label":"tbl_batch","metadataUpdated":false,"relations":[],"children":[]},"advancedFilterExpression":"1=2","filters":[],"sortFields":[]},"runtimeAttrs":{},"isRESTModernSource":true,"isFileList":false,"handleSpecialChars":false,"tgtObjectAttributes":{},"overriddenFields":[]},{"@type":"mtTaskParameter","id":2283359,"name":"$Tgt_SCL_TBL_BATCH$","type":"TARGET","label":"PARAM_TGT_SCL_CON (PARAM_TGT_SCL_CON)","description":"Parameter for target connection","uiProperties":{"connectionParameterized":"true","logcnx":"PARAM_TGT_SCL_CON","objlabel":"PARAM_TGT_SCL_OBJ","objectParameterized":"true","objDesc":"Parameter for target object","defaultTargetUpdateColumns":"","fieldMappingParameterized":"true"},"targetConnectionId":"@0PufVIurFmIcBNec3UZy45","targetObject":"tbl_batch","targetObjectLabel":"tbl_batch","newFlatFile":false,"newObject":false,"showBusinessNames":true,"naturalOrder":true,"truncateTarget":false,"bulkApiDBTarget":false,"operationType":"Insert","customFuncCfg":{"@type":"customFuncConfig","id":-1,"connections":[],"inputMap":[],"outputFields":[]},"tgtFieldRefs":{},"targetUpdateColumns":[],"extendedObject":{"@type":"extendedObject","filters":[],"sortFields":[]},"runtimeAttrs":{},"isRESTModernSource":true,"isFileList":false,"handleSpecialChars":false,"tgtObjectAttributes":{},"overriddenFields":[]},{"@type":"mtTaskParameter","id":2283360,"name":"$PARAM_FIELD_MAPPING$","type":"STRING","text":"string (255, 0) integrationName=integrationName;","label":"PARAM_FIELD_MAPPING (PARAM_FIELD_MAPPING)","description":"Parameter for target field mapping","uiProperties":{"paramtype":"Fieldmap","supressFieldmappingSuffix":"true","lefttitle":"Incoming Fields","righttitle":"Target Fields"},"newFlatFile":false,"newObject":false,"showBusinessNames":true,"naturalOrder":true,"truncateTarget":false,"bulkApiDBTarget":false,"customFuncCfg":{"@type":"customFuncConfig","id":-1,"connections":[],"inputMap":[],"outputFields":[]},"tgtFieldRefs":{},"targetUpdateColumns":[],"runtimeAttrs":{},"isRESTModernSource":true,"isFileList":false,"handleSpecialChars":false,"tgtObjectAttributes":{},"overriddenFields":[]}],"sequences":[],"inOutParameters":[]}]