[{"@type":"mappingTemplate","id":"@1","name":"M_OB_SCL_FF_OB_SALES_COMMISSION_GRID_PARAMETER_INS","description":"Purpose : Mapping to trigger presql stored procedure to create the new batchid in tbl_batch table for the current batch integration run and to generate the parameter file in userparamters secure agent folder for integrationName=OB_SALES_COMMISSION_GRID using Sql Server SCL tbl_param_data and tbl_control tables.","bundleVersion":"0","templateId":"@3","deployTime":1536217120000,"hasParameters":true,"valid":true,"fixedConnection":false,"hasParametersDeployed":true,"fixedConnectionDeployed":false,"tasks":1,"mappingPreviewFileRecordId":"@2","references":[]}]