[{"@type":"workflow","id":"@1","name":"TF_OB_SF_SCL_TBL_SRC_SALES_COMMISSION_GRID_SFDC_TO_SCL","description":"Task Flow to download the Salesforce record type data and load the CDH Sql Server SCL tbl_src_commission_grid_SFDC_TO_SCL through parameter file ","maxLogs":10,"references":[{"@type":"reference","refObjectId":"@1QLSM0bkT88bZyeACSltEz","refType":"mtTask"},{"@type":"reference","refObjectId":"@b8KKWXSjgMRjAh82xddjKG","refType":"mtTask"}],"tasks":[{"@type":"workflowTask","taskId":"@1QLSM0bkT88bZyeACSltEz","type":"MTT","name":"MCT_OB_SCL_FF_OB_SALES_COMMISSION_GRID_PARAMETER_INS","stopOnError":true,"stopOnWarning":true},{"@type":"workflowTask","taskId":"@b8KKWXSjgMRjAh82xddjKG","type":"MTT","name":"MCT_OB_SF_SCL_TBL_SRC_SALES_COMMISSION_GRID_SFDC_TO_SCL_INS","stopOnError":true,"stopOnWarning":true}]}]