[{"@type":"mtTask","id":"@1","name":"MCT_OB_SCL_FF_OB_SALES_COMMISSION_GRID_PARAMETER_INS","description":"Mapping configuration task to trigger presql stored procedure and to generate parameter file OB_SALES_COMMISSION_GRID.par for integrationName=OB_SALES_COMMISSION_GRID using Sql Server SCL tbl_param_data and tbl_control tables.","runtimeEnvironmentId":"@bwHZI1GGWkPbT0oWnRzUMe","maxLogs":10,"verbose":false,"lastRunTime":1537341629000,"mappingId":"@4M0mUuxsdFigrvdYMfoLaE","shortDescription":"Mapping configuration task to trigger presql store...","sessionProperties":{"Error Log File Directory":"$PMBadFileDir","Error Log File Name":"ERR_$CurrentTaskName_$CurrentTime.csv","Error Log Type":"Flat File","Stop on errors":"1","Write Backward Compatible Session Log File":"YES"},"enableCrossSchemaPushdown":true,"parameterFileEncoding":"UTF-8","parameters":[{"@type":"mtTaskParameter","id":2281933,"name":"$Src_SCL_TBL_PARAM_DATA$","type":"EXTENDED_SOURCE","label":"PARAM_SRC_SCL_PARAM_CON (PARAM_SRC_SCL_PARAM_CON)","description":"Parameterized source param table connection","uiProperties":{"connectionParameterized":"true","logcnx":"PARAM_SRC_SCL_PARAM_CON","isMsrcFilterParameterized":"false","isMsrcSortParameterized":"false","objlabel":"PARAM_SRC_SCL_PARAM_QUERY","objectParameterized":"true","objDesc":"Parameterized source object tbl_param_data  table"},"sourceConnectionId":"@0PufVIurFmIcBNec3UZy45","newFlatFile":false,"newObject":false,"showBusinessNames":true,"naturalOrder":true,"truncateTarget":false,"bulkApiDBTarget":false,"customFuncCfg":{"@type":"customFuncConfig","id":-1,"connections":[],"inputMap":[],"outputFields":[]},"tgtFieldRefs":{},"targetUpdateColumns":[],"extendedObject":{"@type":"extendedObject","filters":[],"sortFields":[]},"runtimeAttrs":{},"isRESTModernSource":true,"customQuery":"SELECT paramName, CASE WHEN p.integrationName=c.integrationName THEN maxdatetime ELSE paramValue END as paramValue FROM tbl_param_data p LEFT OUTER JOIN (SELECT integrationName, CONVERT(VARCHAR, lastRUNTIME, 121) as maxdatetime FROM tbl_control WHERE integrationNAME='OB_SALES_COMMISSION_GRID') c ON p.integrationName=c.integrationName AND p.paramName='$$MAXDATETIME' WHERE p.integrationName='OB_SALES_COMMISSION_GRID'","isFileList":false,"handleSpecialChars":false,"tgtObjectAttributes":{},"overriddenFields":[]},{"@type":"mtTaskParameter","id":2281934,"name":"$Tgt_FF_OB_SALES_COMMISSION_GRID_PARAMETER$","type":"TARGET","label":"PARAM_TGT_FF_PARAM_CON (PARAM_TGT_FF_PARAM_CON)","description":"Parameterized target param file  connection","uiProperties":{"connectionParameterized":"true","logcnx":"PARAM_TGT_FF_PARAM_CON","objlabel":"PARAM_TGT_FF_PARAM_OBJ","objectParameterized":"true","objDesc":"Parameterized target param file  object","defaultTargetUpdateColumns":""},"targetConnectionId":"@1VdqBCS7C53kEywVAdIp02","targetObject":"OB_SALES_COMMISSION_GRID.par","targetObjectLabel":"OB_SALES_COMMISSION_GRID.par","newFlatFile":false,"newObject":true,"showBusinessNames":true,"naturalOrder":true,"newObjectName":"OB_SALES_COMMISSION_GRID.par","truncateTarget":false,"bulkApiDBTarget":false,"operationType":"Insert","tgtFFAttrs":{"@type":"flatFileAttrs","id":414113,"delimiter":",","textQualifier":"none","escapeChar":"","headerLineNo":2147483647},"customFuncCfg":{"@type":"customFuncConfig","id":-1,"connections":[],"inputMap":[],"outputFields":[]},"tgtFieldRefs":{},"targetUpdateColumns":[],"extendedObject":{"@type":"extendedObject","filters":[],"sortFields":[]},"runtimeAttrs":{},"isRESTModernSource":true,"isFileList":false,"handleSpecialChars":false,"tgtObjectAttributes":{},"overriddenFields":[]}],"sequences":[],"inOutParameters":[]}]