[{"@type":"mappingTemplate","id":"@1","name":"M_OB_SCL_SCL_OB_SALES_COMMISSION_GRID_BATCH_UPD","description":"Purpose: Mapping to trigger postsql to insert history table and update tbl_batch_audit checksum values and closing the current batchid with batchStatus=CLOSED in tbl_batch.","bundleVersion":"0","templateId":"@3","deployTime":1535459715000,"hasParameters":true,"valid":true,"fixedConnection":false,"hasParametersDeployed":true,"fixedConnectionDeployed":false,"tasks":1,"mappingPreviewFileRecordId":"@2","references":[]}]