[{"@type":"mappingTemplate","id":"@1","name":"M_OB_SF_SCL_TBL_SRC_SALES_COMMISSION_GRID_SFDC_TO_SCL_INS","description":"Purpose: Mapping to download the Salesforce Commission Grid data to Sql Server SCL tbl_src_sales_commission_grid_SFDC_TO_SCL table. \nIdentify delta records from SFDC based on systemModstamp  lastRunTime captured after the previous run data load. lastRunTime is captured as max(systemmodstamp) at the end of the data load.","bundleVersion":"0","templateId":"@3","deployTime":1536216123000,"hasParameters":true,"valid":true,"fixedConnection":false,"hasParametersDeployed":true,"fixedConnectionDeployed":false,"tasks":1,"mappingPreviewFileRecordId":"@2","references":[]}]