[{"@type":"workflow","id":"@1","name":"TF_OB_SCL_SCL_OB_SALES_COMMISSION_GRID_BATCH","description":"Task Flow to insert data to history table, update the tbl_batch_audit details and close the batchid in tbl_batch table.","maxLogs":10,"references":[{"@type":"reference","refObjectId":"@2d5I4RjfzGObsCrbSIMBqT","refType":"mtTask"}],"tasks":[{"@type":"workflowTask","taskId":"@2d5I4RjfzGObsCrbSIMBqT","type":"MTT","name":"MCT_OB_SCL_SCL_OB_SALES_COMMISSION_GRID_BATCH_UPD","stopOnError":true,"stopOnWarning":true}]}]