[{"@type":"mtTask","id":"@1","name":"MCT_OB_SF_SCL_TBL_SRC_SALES_COMMISSION_GRID_SFDC_TO_SCL_INS","description":"Mapping Configuration Task to download the Salesforce Commission Grid data to Sql Server SCL tbl_src_sales_commission_grid_SFDC_TO_SCL based on Systemmodstamp  lastruntime","runtimeEnvironmentId":"@bwHZI1GGWkPbT0oWnRzUMe","maxLogs":10,"verbose":false,"lastRunTime":1537341662000,"mappingId":"@ecewq2iprsgjqXDqXuL4yS","shortDescription":"Mapping Configuration Task to download the Salesfo...","sessionProperties":{"Error Log File Directory":"$PMBadFileDir","Error Log File Name":"ERR_$CurrentTaskName_$CurrentTime.csv","Error Log Type":"Flat File","Stop on errors":"1","Write Backward Compatible Session Log File":"YES"},"enableCrossSchemaPushdown":true,"parameterFileName":"OB_SALES_COMMISSION_GRID.par","parameterFileEncoding":"UTF-8","parameters":[{"@type":"mtTaskParameter","id":2283431,"name":"$Src_SCL_TBL_BATCH$","type":"EXTENDED_SOURCE","label":"PARAM_SRC_SCL_CON (PARAM_SRC_SCL_CON)","description":"Parameter for source scl connection","uiProperties":{"connectionParameterized":"true","logcnx":"PARAM_SRC_SCL_CON","isMsrcFilterParameterized":"false","isMsrcSortParameterized":"false","objlabel":"PARAM_SRC_SCL_OBJ","objectParameterized":"true","objDesc":"Parameter for source scl object"},"sourceConnectionId":"@0PufVIurFmIcBNec3UZy45","newFlatFile":false,"newObject":false,"showBusinessNames":true,"naturalOrder":true,"truncateTarget":false,"bulkApiDBTarget":false,"customFuncCfg":{"@type":"customFuncConfig","id":-1,"connections":[],"inputMap":[],"outputFields":[]},"tgtFieldRefs":{},"targetUpdateColumns":[],"extendedObject":{"@type":"extendedObject","filters":[],"sortFields":[]},"runtimeAttrs":{},"isRESTModernSource":true,"customQuery":"SELECT batchId, integrationName from tbl_batch where integrationName='$$INTEGRATION_NAME' and batchStatus='$$BATCHSTATUS'","isFileList":false,"handleSpecialChars":false,"tgtObjectAttributes":{},"overriddenFields":[]},{"@type":"mtTaskParameter","id":2283432,"name":"$Src_SF_COMMISSION_GRID$","type":"EXTENDED_SOURCE","label":"PARAM_SRC_SF_CON (PARAM_SRC_SF_CON)","description":"Parameter for source salesforce connection","uiProperties":{"connectionParameterized":"true","logcnx":"PARAM_SRC_SF_CON","isMsrcFilterParameterized":"false","isMsrcSortParameterized":"false","objlabel":"PARAM_SRC_SF_OBJ","objectParameterized":"true","objDesc":"Parameter for source salesforce object"},"sourceConnectionId":"@9IQjV2G9PGpbrzLSYBHlUE","newFlatFile":false,"newObject":false,"showBusinessNames":true,"naturalOrder":true,"truncateTarget":false,"bulkApiDBTarget":false,"customFuncCfg":{"@type":"customFuncConfig","id":-1,"connections":[],"inputMap":[],"outputFields":[]},"tgtFieldRefs":{},"targetUpdateColumns":[],"extendedObject":{"@type":"extendedObject","object":{"@type":"mObject","name":"PL_Commission_Grid__c","label":"Commission Grid","metadataUpdated":false,"relations":[],"children":[]},"filters":[],"sortFields":[]},"runtimeAttrs":{},"isRESTModernSource":true,"isFileList":false,"handleSpecialChars":false,"tgtObjectAttributes":{},"overriddenFields":[]},{"@type":"mtTaskParameter","id":2283433,"name":"$Tgt_SCL_TBL_SRC_SALES_COMMISSION_GRID_SFDC_TO_SCL$","type":"TARGET","label":"PARAM_TGT_SCL_CON (PARAM_TGT_SCL_CON)","description":"Parameter for source scl connection","uiProperties":{"connectionParameterized":"true","logcnx":"PARAM_TGT_SCL_CON","objlabel":"PARAM_TGT_SCL_OBJ","objectParameterized":"true","objDesc":"Parameter for source scl object ","defaultTargetUpdateColumns":"","fieldMappingParameterized":"true"},"targetConnectionId":"@0PufVIurFmIcBNec3UZy45","targetObject":"tbl_src_sales_commission_grid_SFDC_to_SCL","targetObjectLabel":"tbl_src_sales_commission_grid_SFDC_to_SCL","newFlatFile":false,"newObject":false,"showBusinessNames":true,"naturalOrder":true,"truncateTarget":true,"bulkApiDBTarget":false,"operationType":"Insert","customFuncCfg":{"@type":"customFuncConfig","id":-1,"connections":[],"inputMap":[],"outputFields":[]},"tgtFieldRefs":{},"targetUpdateColumns":[],"extendedObject":{"@type":"extendedObject","filters":[],"sortFields":[]},"runtimeAttrs":{},"isRESTModernSource":true,"isFileList":false,"handleSpecialChars":false,"tgtObjectAttributes":{},"overriddenFields":[]},{"@type":"mtTaskParameter","id":2283434,"name":"$PARAM_FIELD_MAPPING$","type":"STRING","text":"string (18, 0) sfdcId=Id;string (18, 0) product=Product__c;string (255, 0) commOption=Comm_Option__c;string (80, 0) productOptions=Product_Options__c;decimal (5, 2) upfrontComm=Upfront_Comm__c;string (80, 0) olderAgeReductions=Older_Age_Reductions__c;string (80, 0) trails=Trails__c;string (255, 0) comments=Comments__c;string (80, 0) name=Name;string (18, 0) recordTypeId=RecordTypeId;string (18, 0) createdById=CreatedById;date/time (23, 3) createdDate=CreatedDate;string (18, 0) lastModifiedById=LastModifiedById;date/time (23, 3) lastModifiedDate=LastModifiedDate;date/time (23, 3) systemModstamp=SystemModstamp;bigint (19, 0) batchId=batchId;date/time (23, 3) sclCreatedTimeStamp=o_CURRENTDATETIME;date/time (23, 3) sclUpdatedTimeStamp=o_CURRENTDATETIME;","label":"PARAM_FIELD_MAPPING (PARAM_FIELD_MAPPING)","description":"Parameter for target field mapping","uiProperties":{"paramtype":"Fieldmap","supressFieldmappingSuffix":"true","lefttitle":"Incoming Fields","righttitle":"Target Fields"},"newFlatFile":false,"newObject":false,"showBusinessNames":true,"naturalOrder":true,"truncateTarget":false,"bulkApiDBTarget":false,"customFuncCfg":{"@type":"customFuncConfig","id":-1,"connections":[],"inputMap":[],"outputFields":[]},"tgtFieldRefs":{},"targetUpdateColumns":[],"runtimeAttrs":{},"isRESTModernSource":true,"isFileList":false,"handleSpecialChars":false,"tgtObjectAttributes":{},"overriddenFields":[]},{"@type":"mtTaskParameter","id":2283435,"name":"$PARAM_INT_NAME$","type":"STRING","text":"$$INTEGRATION_NAME","label":"PARAM_INT_NAME (PARAM_INT_NAME)","description":"parameter for integration name","uiProperties":{"paramtype":"Expression","aggregate":"false"},"newFlatFile":false,"newObject":false,"showBusinessNames":true,"naturalOrder":true,"truncateTarget":false,"bulkApiDBTarget":false,"customFuncCfg":{"@type":"customFuncConfig","id":-1,"connections":[],"inputMap":[],"outputFields":[]},"tgtFieldRefs":{},"targetUpdateColumns":[],"runtimeAttrs":{},"isRESTModernSource":true,"isFileList":false,"handleSpecialChars":false,"tgtObjectAttributes":{},"overriddenFields":[]}],"sequences":[],"inOutParameters":[]}]