[{"@type":"mtTask","id":"@1","name":"MCT_OB_SCL_SCL_TBL_PRC_SALES_COMMISSION_GRID_UPSERT","description":"Mapping Configuration Task to upsert the process table tbl_prc_sales_commission_grid based on sfdcID from Sql Server SCL tbl_src_sales_commission_grid_SFDC_TO_SCL table which contains the downloaded Commission Grid  data from the Salesforce Commission Grid object.","runtimeEnvironmentId":"@bwHZI1GGWkPbT0oWnRzUMe","maxLogs":10,"verbose":false,"lastRunTime":1537341730000,"mappingId":"@bFuWEJgeq8WfDygihXLjwH","shortDescription":"Mapping Configuration Task to upsert the process t...","sessionProperties":{"Error Log File Directory":"$PMBadFileDir","Error Log File Name":"ERR_$CurrentTaskName_$CurrentTime.csv","Error Log Type":"Flat File","Stop on errors":"1","Write Backward Compatible Session Log File":"YES"},"enableCrossSchemaPushdown":true,"parameterFileName":"OB_SALES_COMMISSION_GRID.par","parameterFileEncoding":"UTF-8","parameters":[{"@type":"mtTaskParameter","id":2283386,"name":"$Src_SCL_TBL_SRC_SALES_COMMISSION_GRID_SFDC_TO_SCL$","type":"EXTENDED_SOURCE","label":"PARAM_SRC_SCL_CON (PARAM_SRC_SCL_CON)","description":"Parameter for source scl connection","uiProperties":{"connectionParameterized":"true","logcnx":"PARAM_SRC_SCL_CON","isMsrcFilterParameterized":"false","isMsrcSortParameterized":"false","objlabel":"PARAM_SRC_SCL_SFDC_TO_SCL_OBJ","objectParameterized":"true","objDesc":"Parameter for source scl object"},"sourceConnectionId":"@0PufVIurFmIcBNec3UZy45","newFlatFile":false,"newObject":false,"showBusinessNames":true,"naturalOrder":true,"truncateTarget":false,"bulkApiDBTarget":false,"customFuncCfg":{"@type":"customFuncConfig","id":-1,"connections":[],"inputMap":[],"outputFields":[]},"tgtFieldRefs":{},"targetUpdateColumns":[],"extendedObject":{"@type":"extendedObject","object":{"@type":"mObject","name":"tbl_src_sales_commission_grid_SFDC_to_SCL","label":"tbl_src_sales_commission_grid_SFDC_to_SCL","metadataUpdated":false,"relations":[],"children":[]},"filters":[],"sortFields":[]},"runtimeAttrs":{},"isRESTModernSource":true,"isFileList":false,"handleSpecialChars":false,"tgtObjectAttributes":{},"overriddenFields":[]},{"@type":"mtTaskParameter","id":2283387,"name":"$Tgt_SCL_TBL_PRC_SALES_COMMISSION_GRID_INS$","type":"TARGET","label":"PARAM_TGT_SCL_CON (PARAM_TGT_SCL_CON)","description":"Parameter for target connection","uiProperties":{"connectionParameterized":"true","logcnx":"PARAM_TGT_SCL_CON","objlabel":"PARAM_TGT_SCL_PRC_INS_OBJ","objectParameterized":"true","objDesc":"Parameter for target object.","defaultTargetUpdateColumns":"","fieldMappingParameterized":"true"},"targetConnectionId":"@0PufVIurFmIcBNec3UZy45","targetObject":"tbl_prc_sales_commission_grid","targetObjectLabel":"tbl_prc_sales_commission_grid","newFlatFile":false,"newObject":false,"showBusinessNames":true,"naturalOrder":true,"truncateTarget":false,"bulkApiDBTarget":false,"operationType":"Insert","customFuncCfg":{"@type":"customFuncConfig","id":-1,"connections":[],"inputMap":[],"outputFields":[]},"tgtFieldRefs":{},"targetUpdateColumns":[],"extendedObject":{"@type":"extendedObject","filters":[],"sortFields":[]},"runtimeAttrs":{},"isRESTModernSource":true,"isFileList":false,"handleSpecialChars":false,"tgtObjectAttributes":{},"overriddenFields":[]},{"@type":"mtTaskParameter","id":2283388,"name":"$Tgt_SCL_TBL_PRC_SALES_COMMISSION_GRID_UPD$","type":"TARGET","label":"PARAM_TGT_SCL_CON (PARAM_TGT_SCL_CON)","description":"Parameter for target connection","uiProperties":{"connectionParameterized":"true","logcnx":"PARAM_TGT_SCL_CON","objlabel":"PARAM_TGT_SCL_PRC_UPD_OBJ","objectParameterized":"true","objDesc":"Parameter for target object.","defaultTargetUpdateColumns":"sfdcId","fieldMappingParameterized":"true"},"targetConnectionId":"@0PufVIurFmIcBNec3UZy45","targetObject":"tbl_prc_sales_commission_grid","targetObjectLabel":"tbl_prc_sales_commission_grid","newFlatFile":false,"newObject":false,"showBusinessNames":true,"naturalOrder":true,"truncateTarget":false,"bulkApiDBTarget":false,"operationType":"Update","customFuncCfg":{"@type":"customFuncConfig","id":-1,"connections":[],"inputMap":[],"outputFields":[]},"tgtFieldRefs":{},"targetUpdateColumns":["sfdcId"],"extendedObject":{"@type":"extendedObject","filters":[],"sortFields":[]},"runtimeAttrs":{},"isRESTModernSource":true,"isFileList":false,"handleSpecialChars":false,"tgtObjectAttributes":{},"overriddenFields":[]},{"@type":"mtTaskParameter","id":2283389,"name":"$Lkp_SCL_TBL_PRC_SALES_COMMISSION_GRID$","type":"LOOKUP","label":"PARAM_LKP_SCL_CON (PARAM_LKP_SCL_CON)","description":"Parameter for lkp scl connection.","uiProperties":{"connectionParameterized":"true","logcnx":"PARAM_LKP_SCL_CON","isCachedLookup":"true","objlabel":"PARAM_LKP_SCL_PRC_OBJ","objectParameterized":"true","objDesc":"Parameter for lkp scl object."},"lookupConnectionId":"@0PufVIurFmIcBNec3UZy45","lookupObject":"tbl_prc_sales_commission_grid","lookupObjectLabel":"tbl_prc_sales_commission_grid","newFlatFile":false,"newObject":false,"showBusinessNames":true,"naturalOrder":true,"truncateTarget":false,"bulkApiDBTarget":false,"customFuncCfg":{"@type":"customFuncConfig","id":-1,"connections":[],"inputMap":[],"outputFields":[]},"tgtFieldRefs":{},"targetUpdateColumns":[],"runtimeAttrs":{},"isRESTModernSource":true,"isFileList":false,"handleSpecialChars":false,"tgtObjectAttributes":{},"overriddenFields":[]},{"@type":"mtTaskParameter","id":2283390,"name":"$PARAM_FIELD_MAPPING_INS$","type":"STRING","text":"string (18, 0) sfdcId=sfdcId;string (255, 0) externalId=externalId;string (18, 0) product=product;string (255, 0) commOption=commOption;string (80, 0) productOptions=productOptions;decimal (5, 2) upfrontComm=upfrontComm;string (80, 0) olderAgeReductions=olderAgeReductions;string (80, 0) trails=trails;string (255, 0) comments=comments;string (80, 0) name=name;string (18, 0) recordTypeId=recordTypeId;string (18, 0) createdById=createdById;date/time (23, 3) createdDate=createdDate;string (18, 0) lastModifiedById=lastModifiedById;date/time (23, 3) lastModifiedDate=lastModifiedDate;date/time (23, 3) systemModstamp=systemModstamp;bigint (19, 0) outboundBatchId=batchId;date/time (23, 3) sclCreatedTimeStamp=o_CURRENTDATETIME;date/time (23, 3) sclUpdatedTimeStamp=o_CURRENTDATETIME;","label":"PARAM_FIELD_MAPPING_INS (PARAM_FIELD_MAPPING_INS)","description":"Parameter for field mapping insert","uiProperties":{"paramtype":"Fieldmap","supressFieldmappingSuffix":"true","lefttitle":"Incoming Fields","righttitle":"Target Fields"},"newFlatFile":false,"newObject":false,"showBusinessNames":true,"naturalOrder":true,"truncateTarget":false,"bulkApiDBTarget":false,"customFuncCfg":{"@type":"customFuncConfig","id":-1,"connections":[],"inputMap":[],"outputFields":[]},"tgtFieldRefs":{},"targetUpdateColumns":[],"runtimeAttrs":{},"isRESTModernSource":true,"isFileList":false,"handleSpecialChars":false,"tgtObjectAttributes":{},"overriddenFields":[]},{"@type":"mtTaskParameter","id":2283391,"name":"$PARAM_FIELD_MAPPING_UPD$","type":"STRING","text":"string (18, 0) sfdcId=sfdcId;string (255, 0) externalId=externalId;string (18, 0) product=product;string (255, 0) commOption=commOption;string (80, 0) productOptions=productOptions;decimal (5, 2) upfrontComm=upfrontComm;string (80, 0) olderAgeReductions=olderAgeReductions;string (80, 0) trails=trails;string (255, 0) comments=comments;string (80, 0) name=name;string (18, 0) recordTypeId=recordTypeId;string (18, 0) createdById=createdById;date/time (23, 3) createdDate=createdDate;string (18, 0) lastModifiedById=lastModifiedById;date/time (23, 3) lastModifiedDate=lastModifiedDate;date/time (23, 3) systemModstamp=systemModstamp;bigint (19, 0) outboundBatchId=batchId;date/time (23, 3) sclUpdatedTimeStamp=o_CURRENTDATETIME;","label":"PARAM_FIELD_MAPPING_UPD (PARAM_FIELD_MAPPING_UPD)","description":"Parameter for field mapping update.","uiProperties":{"paramtype":"Fieldmap","supressFieldmappingSuffix":"true","lefttitle":"Incoming Fields","righttitle":"Target Fields"},"newFlatFile":false,"newObject":false,"showBusinessNames":true,"naturalOrder":true,"truncateTarget":false,"bulkApiDBTarget":false,"customFuncCfg":{"@type":"customFuncConfig","id":-1,"connections":[],"inputMap":[],"outputFields":[]},"tgtFieldRefs":{},"targetUpdateColumns":[],"runtimeAttrs":{},"isRESTModernSource":true,"isFileList":false,"handleSpecialChars":false,"tgtObjectAttributes":{},"overriddenFields":[]}],"sequences":[],"inOutParameters":[]}]