[{"@type":"workflow","id":"@1","name":"TF_OB_SCL_SCL_TBL_PRC_SALES_COMMISSION_GRID","description":"Task Flow to upsert the process table tbl_prc_sales_commission_grid from Sql Server SCL tbl_src_sales_commission_grid_SFDC_TO_SCL table based on sfdcId.","maxLogs":10,"references":[{"@type":"reference","refObjectId":"@iSJYaEybrgDiIhxsmrqgmK","refType":"mtTask"}],"tasks":[{"@type":"workflowTask","taskId":"@iSJYaEybrgDiIhxsmrqgmK","type":"MTT","name":"MCT_OB_SCL_SCL_TBL_PRC_SALES_COMMISSION_GRID_UPSERT","stopOnError":true,"stopOnWarning":true}]}]